<?xml version="1.0" encoding="UTF-8"?>
<!DOCTYPE hibernate-configuration SYSTEM 
"http://www.hibernate.org/dtd/hibernate-configuration-3.0.dtd">
<hibernate-configuration>
<session-factory>
<!-- database properties -->

<property name="connection.driver_class">oracle.jdbc.driver.OracleDriver</property>
<property name="connection.url">jdbc:oracle:thin:@10.219.34.3:1521:orcl</property>
<property name="connection.username">trg414</property>
<property name="connection.password">training414</property>

<!-- Hibernate properties -->

<property name="dialect">org.hibernate.dialect.OracleDialect</property>
<property name="hbm2ddl.auto">update</property>
<property name="show_sql">true</property>

<!-- mapping file -->

<mapping class="com.annotation.Employee"></mapping>

</session-factory>

</hibernate-configuration>